,City,Cloudiness,Country,Date,Humidity,Lat,Lng,Max Temp,Wind Speed
0,Sao Joao da Barra,75,BR,1554055200.0,58,-21.64,-41.05,82.66999999999996,6.2
1,Rikitea,56,PF,1554058321.0,100,-23.12,-134.97,76.93340000000003,8.71
2,New Norfolk,40,AU,1554058155.0,70,-42.78,147.06,46.66999999999996,2.1
3,Bilibino,8,RU,1554058321.0,34,68.06,166.44,-9.91660000000001,1.01
4,Vestmannaeyjar,90,IS,1554055200.0,93,63.44,-20.27,37.66999999999996,7.7
5,Knyaze-Volkonskoye,0,RU,1554055200.0,72,48.46,135.46,16.069999999999958,3.0
6,Carnarvon,8,ZA,1554058322.0,33,-30.97,22.13,71.53340000000004,6.71
7,Iturama,0,BR,1554058025.0,66,-19.73,-50.2,87.55340000000001,1.86
8,Hermanus,12,ZA,1554057954.0,96,-34.42,19.24,60.27799999999996,0.89
9,Yellowknife,75,CA,1554057737.0,59,62.45,-114.38,36.266000000000005,7.2
11,Talnakh,88,RU,1554058322.0,87,69.49,88.39,28.24340000000002,7.51
12,Doha,0,QA,1554057000.0,57,25.29,51.53,79.06999999999996,10.8
14,Almonte,90,CA,1554058221.0,59,45.23,-76.19,35.27599999999999,6.2
15,Rocha,8,UY,1554058256.0,75,-34.48,-54.34,80.3534,1.96
16,Mao,40,DO,1554057958.0,52,19.55,-71.08,88.06999999999996,5.1
17,Cape Town,75,ZA,1554057974.0,68,-33.93,18.42,64.66999999999996,5.7
18,Punta Arenas,75,CL,1554057747.0,58,-53.16,-70.91,57.469999999999956,9.3
19,Ushuaia,75,AR,1554055200.0,71,-54.81,-68.31,53.86999999999996,7.2
20,Remanso,0,BR,1554058324.0,81,-9.62,-42.08,87.1034,4.36
21,Geraldton,75,CA,1554055200.0,36,49.72,-86.95,28.66999999999996,4.1
22,Torbay,75,CA,1554057927.0,50,47.66,-52.73,62.27599999999999,9.3
23,Kudahuvadhoo,0,MV,1554058324.0,100,2.67,72.89,84.67339999999996,1.31
24,Iquique,0,CL,1554055200.0,50,-20.22,-70.14,75.46999999999997,9.3
25,Tasiilaq,56,GL,1554054600.0,79,65.61,-37.64,25.069999999999958,15.4
26,Bluff,0,AU,1554058325.0,62,-23.58,149.07,54.88340000000004,4.21
27,Yar-Sale,44,RU,1554058325.0,79,66.83,70.83,25.4534,6.56
28,Bethel,1,US,1554054960.0,80,60.79,-161.76,34.06999999999996,1.21
29,Kaitangata,56,NZ,1554058013.0,69,-46.28,169.85,62.27599999999999,1.34
30,Khatanga,64,RU,1554058326.0,89,71.98,102.47,30.49340000000002,7.01
31,Ponta Delgada,40,PT,1554058301.0,71,37.73,-25.67,57.469999999999956,6.2
32,Vila Franca do Campo,40,PT,1554058301.0,71,37.72,-25.43,57.469999999999956,6.2
33,Nyurba,32,RU,1554058326.0,71,63.29,118.35,17.98340000000004,1.76
34,Saint-Philippe,90,CA,1554058264.0,90,45.36,-73.48,37.274000000000015,5.7
35,Moose Factory,1,CA,1554055200.0,41,51.26,-80.61,19.66999999999996,4.6
36,Karasjok,40,NO,1554056400.0,68,69.47,25.52,28.66999999999996,19.0
37,Vaini,0,IN,1554058327.0,83,15.34,74.49,72.97339999999997,1.51
38,Dryden,90,CA,1554055200.0,42,49.79,-92.84,30.46999999999996,4.1
39,Faya,0,SA,1554055200.0,39,18.39,42.45,66.46999999999997,4.6
40,Kapaa,40,US,1554058094.0,73,22.08,-159.32,74.26400000000004,2.1
41,Kuala Terengganu,75,MY,1554055200.0,100,5.33,103.14,79.06999999999996,0.71
42,Airai,0,TL,1554058194.0,86,-8.93,125.41,64.96339999999998,0.61
43,Bonthe,0,SL,1554058327.0,62,7.53,-12.5,90.34340000000003,2.01
44,Parkes,0,AU,1554057952.0,89,-33.14,148.18,48.272000000000034,1.11
45,Kijini,20,TZ,1554055200.0,83,-5.85,39.32,82.66999999999996,2.6
46,Victoria,75,BN,1554055200.0,78,5.28,115.24,82.66999999999996,1.5
47,Montgomery,20,US,1554058025.0,50,32.37,-86.3,55.274000000000015,5.7
48,Talas,75,TR,1554056400.0,87,38.69,35.55,45.266000000000005,3.6
49,Hit,0,IQ,1554058329.0,86,33.64,42.83,55.153400000000005,0.96
51,Butaritari,76,KI,1554058329.0,100,3.07,172.79,82.06339999999997,6.81
52,Chuy,0,UY,1554058181.0,93,-33.69,-53.46,77.47339999999997,3.66
53,Marfino,0,RU,1554057477.0,53,56.07,37.56,53.86999999999996,5.0
54,Luanda,75,AO,1554055200.0,83,-8.83,13.24,82.66999999999996,1.5
55,Truth or Consequences,90,US,1554057977.0,30,33.13,-107.25,56.26400000000004,7.2
56,Alice,75,US,1554058107.0,93,27.75,-98.07,50.26999999999996,4.6
57,Bambous Virieux,20,MU,1554058142.0,78,-20.34,57.76,79.06999999999996,2.1
59,Husavik,36,CA,1554058235.0,42,50.56,-96.99,41.26999999999996,3.13
60,Albany,90,US,1554058161.0,100,42.65,-73.75,45.266000000000005,7.7
61,Saskylakh,0,RU,1554058040.0,73,71.97,114.09,18.973399999999955,5.66
63,Jamestown,0,AU,1554058047.0,84,-33.21,138.6,41.473399999999955,1.21
64,Tianpeng,0,CN,1554058264.0,96,28.88,112.34,51.46339999999998,1.86
65,Georgetown,40,GY,1554055200.0,74,6.8,-58.16,88.06999999999996,6.2
66,Severo-Kurilsk,64,RU,1554058331.0,100,50.68,156.12,27.34340000000002,1.81
67,San Juan,8,AR,1554058333.0,49,-31.54,-68.53,82.24340000000002,2.06
68,Guadalajara,75,ES,1554058326.0,81,40.63,-3.16,55.274000000000015,2.1
70,Mozarlandia,0,BR,1554058333.0,68,-14.74,-50.57,87.82339999999996,3.46
71,Castro,90,CL,1554055200.0,100,-42.48,-73.76,55.66999999999996,2.1
72,Dvinskoy,68,RU,1554058334.0,88,62.16,45.12,27.34340000000002,1.16
73,Sioux Lookout,75,CA,1554055200.0,57,50.1,-91.92,32.26999999999996,2.1
74,Waipawa,92,NZ,1554057797.0,87,-39.94,176.59,61.26799999999999,1.79
75,Tuktoyaktuk,90,CA,1554055200.0,92,69.44,-133.03,25.069999999999958,8.2
76,Bredasdorp,36,ZA,1554057923.0,52,-34.53,20.04,66.46999999999997,7.2
77,Mataura,36,NZ,1554057606.0,77,-46.19,168.86,59.26999999999996,4.92
78,Cidreira,56,BR,1554058185.0,72,-30.17,-50.22,81.7034,2.31
79,Busselton,88,AU,1554057948.0,36,-33.64,115.35,69.27799999999996,3.46
80,Norman Wells,90,CA,1554055200.0,60,65.28,-126.83,39.469999999999956,4.1
81,Mar del Plata,0,AR,1554058306.0,28,-46.43,-67.52,76.21339999999998,5.01
82,Port Macquarie,0,AU,1554058204.0,76,-31.43,152.91,50.26999999999996,2.1
83,Srednekolymsk,0,RU,1554058075.0,62,67.46,153.71,-2.626599999999989,1.31
84,Esperance,20,TT,1554057989.0,55,10.24,-61.45,89.86999999999996,7.2
85,Muros,40,ES,1554058317.0,58,42.77,-9.06,67.26199999999996,6.7
86,Port Alfred,100,ZA,1554058336.0,89,-33.59,26.89,70.54340000000002,1.61
87,Griffith,40,AU,1554055200.0,87,-34.29,146.06,53.86999999999996,1.41
88,Gat,0,SN,1554055200.0,53,14.69,-16.54,75.46999999999997,12.3
89,Tautira,20,PF,1554057743.0,70,-17.73,-149.15,86.26999999999995,2.1
90,Constitucion,20,MX,1554058216.0,24,23.99,-104.67,73.27400000000002,2.1
91,Gargalianoi,20,GR,1554058239.0,76,37.07,21.63,58.26199999999996,6.36
92,Klyuchi,92,RU,1554058337.0,80,52.25,79.17,44.17339999999996,5.51
93,Benguela,12,AO,1554058337.0,94,-12.58,13.4,83.86339999999998,1.46
95,Verkhoyansk,8,RU,1554058337.0,31,67.55,133.39,-8.026599999999995,1.16
96,Haines Junction,0,CA,1554058338.0,63,60.75,-137.51,29.68340000000004,1.21
97,Sitka,0,US,1554057916.0,38,37.17,-99.65,45.266000000000005,1.34
98,Truckee,1,US,1554058216.0,27,39.33,-120.18,59.26999999999996,1.46
99,Buraydah,40,SA,1554055200.0,53,26.33,43.97,75.46999999999997,2.6
100,Blagoyevo,20,RU,1554058338.0,71,63.37,47.92,26.623399999999958,2.21
101,Erzin,75,TR,1554058107.0,100,36.95,36.2,57.272000000000034,2.1
102,Shenjiamen,12,CN,1554058338.0,88,29.96,122.3,51.1034,3.56
103,Tiksi,80,RU,1554058064.0,76,71.64,128.87,19.42339999999996,2.81
104,Wawa,0,NG,1554058339.0,32,9.9,4.41,94.93340000000003,2.11
105,Hambantota,5,LK,1554055800.0,88,6.12,81.12,82.66999999999996,3.6
106,Ormara,0,PK,1554058065.0,64,25.21,64.64,79.54340000000002,7.06
107,Nikolskoye,75,RU,1554057970.0,86,59.7,30.79,37.66999999999996,3.0
108,Bria,0,CF,1554058339.0,64,6.54,21.99,84.76339999999999,1.41
109,Namibe,36,AO,1554058279.0,96,-15.19,12.15,79.9034,3.61
110,Konza,20,KE,1554055200.0,44,-1.74,37.13,77.26999999999995,6.7
111,Bhatkal,0,IN,1554058339.0,100,13.97,74.57,82.96339999999998,4.51
112,Hilo,75,US,1554058330.0,64,19.71,-155.08,77.26999999999995,1.5
113,East London,20,ZA,1554055200.0,94,-33.02,27.91,68.26999999999995,1.0
115,Henties Bay,20,NA,1554055326.0,81,-22.12,14.28,67.26199999999996,3.58
116,Kalevala,20,FI,1554058340.0,73,64.12,29.58,28.06339999999998,2.91
117,Semporna,40,MY,1554055200.0,88,4.48,118.61,77.26999999999995,1.0
118,Safety Harbor,1,US,1554058227.0,47,27.99,-82.69,86.26999999999995,3.1
119,Parakou,80,BJ,1554058341.0,33,9.34,2.63,96.46339999999998,1.56
120,Mahebourg,20,MU,1554058142.0,78,-20.41,57.7,79.06999999999996,2.1
121,Alice Springs,0,AU,1554055200.0,60,-23.7,133.88,53.86999999999996,3.36
123,Changji,0,CN,1554058341.0,66,32.07,116.17,44.44340000000002,3.31
124,Benemerito de las Americas,0,MX,1554058341.0,41,16.52,-90.64,89.80340000000001,1.41
125,Tura,12,IN,1554058341.0,95,25.52,90.21,64.42339999999996,2.56
126,Ancud,90,CL,1554055200.0,100,-41.87,-73.83,55.66999999999996,2.1
127,Te Anau,68,NZ,1554058077.0,86,-45.41,167.72,51.823399999999964,8.06
128,Saint-Joseph,0,FR,1554058251.0,58,43.56,6.97,57.469999999999956,1.5
129,Cabo San Lucas,5,MX,1554058014.0,47,22.89,-109.91,86.26999999999995,3.6
130,Thompson,75,CA,1554055200.0,53,55.74,-97.86,26.86999999999996,4.1
131,Ahipara,92,NZ,1554058322.0,99,-35.17,173.16,67.57339999999996,4.51
132,Chokurdakh,44,RU,1554058343.0,66,70.62,147.9,10.963399999999979,1.31
133,Dzerzhinskoye,32,RU,1554058343.0,92,56.84,95.22,33.19340000000002,2.86
134,Mitsamiouli,20,KM,1554055200.0,88,-11.38,43.28,80.86999999999996,2.1
135,Barretos,0,BR,1554058343.0,53,-20.55,-48.57,88.99340000000002,1.91
136,Kodiak,1,US,1554058153.0,15,39.95,-94.76,41.26999999999996,3.1
137,Moussoro,0,TD,1554058343.0,15,13.64,16.49,88.72339999999997,5.01
138,Vila Velha,75,BR,1554056888.0,74,-3.71,-38.6,84.46999999999997,1.5
139,Sault Sainte Marie,1,CA,1554055200.0,53,46.49,-84.36,25.069999999999958,6.2
140,Lebu,32,ET,1554058221.0,51,8.96,38.73,62.803399999999996,2.11
141,Cap Malheureux,20,MU,1554058142.0,78,-19.98,57.61,79.06999999999996,2.1
143,Caravelas,0,BR,1554058205.0,100,-17.73,-39.27,81.79340000000002,6.91
144,Katherine,20,AU,1554055200.0,73,-14.47,132.26,75.46999999999997,2.6
145,Coquimbo,20,CL,1554055200.0,68,-29.95,-71.34,66.46999999999997,6.7
146,Upernavik,56,GL,1554058345.0,100,72.79,-56.15,10.603399999999997,3.21
147,Forbes,8,AU,1554057952.0,89,-33.38,148.01,48.272000000000034,1.16
148,Port Elizabeth,90,US,1554058338.0,62,39.31,-74.98,53.86999999999996,7.7
150,Anadyr,75,RU,1554057747.0,94,64.73,177.51,34.06999999999996,9.0
151,Jambi,64,ID,1554058345.0,95,-1.6,103.62,76.39340000000001,2.06
152,Belyy Yar,0,RU,1554055200.0,83,53.6,91.39,32.26999999999996,2.0
153,Guerrero Negro,0,MX,1554058346.0,35,27.97,-114.04,78.64340000000001,2.16
154,San Quintin,64,PH,1554058346.0,90,17.54,120.52,71.62339999999996,1.41
155,Qaanaaq,24,GL,1554058176.0,80,77.48,-69.36,-1.8166000000000153,2.61
156,Joacaba,88,BR,1554058346.0,77,-27.18,-51.5,71.98340000000005,1.21
157,Salalah,20,OM,1554054600.0,69,17.01,54.1,80.86999999999996,2.6
158,Avarua,92,CK,1554057000.0,88,-21.21,-159.78,80.86999999999996,4.6
159,Flinders,32,AU,1554057906.0,74,-34.58,150.85,58.26199999999996,1.31
160,At-Bashi,0,KG,1554058347.0,80,41.17,75.81,27.43340000000004,1.21
161,West Wendover,1,US,1554054960.0,43,40.74,-114.07,50.26999999999996,3.1
162,Barrow,12,AR,1554058347.0,38,-38.31,-60.23,83.77339999999995,3.46
163,Hobart,40,AU,1554058280.0,70,-42.88,147.33,46.66999999999996,2.1
165,Badamdar,90,AZ,1554055200.0,75,40.34,49.81,46.66999999999996,4.1
166,Santa Lucia,40,IT,1554058184.0,67,39.93,9.66,57.469999999999956,2.6
167,Nara,20,JP,1554057826.0,65,34.68,135.8,46.66999999999996,8.7
169,Shubarshi,0,KZ,1554058349.0,65,48.59,57.19,33.46339999999998,3.96
170,Lensk,0,RU,1554058349.0,67,60.71,114.91,13.933400000000038,1.66
171,Natal,90,BR,1554055200.0,94,-5.81,-35.21,79.06999999999996,2.6
172,Mount Gambier,90,AU,1554055200.0,100,-37.83,140.78,50.26999999999996,0.5
173,Tezu,92,IN,1554058349.0,98,27.93,96.16,55.42339999999996,0.51
174,Burnie,0,AU,1554057904.0,84,-41.05,145.91,45.266000000000005,0.89
175,Kavieng,92,PG,1554058058.0,100,-2.57,150.8,81.43340000000003,4.11
177,Leningradskiy,0,RU,1554058350.0,61,69.38,178.42,-2.1765999999999934,2.51
178,Ribeira Grande,75,PT,1554057000.0,62,38.52,-28.7,57.469999999999956,2.6
179,Smiltene,8,LV,1554058216.0,76,57.42,25.9,33.27799999999996,1.34
180,Arraial do Cabo,0,BR,1554055200.0,61,-22.97,-42.02,82.66999999999996,5.1
181,Loandjili,20,CG,1554055200.0,83,-4.77,11.87,80.86999999999996,2.6
182,Atuona,68,PF,1554058351.0,100,-9.8,-139.03,81.79340000000002,5.81
183,Xining,0,CN,1554058119.0,71,36.62,101.77,18.79340000000002,1.16
184,Moncalieri,0,IT,1554058319.0,12,45.0,7.68,64.66999999999996,2.1
185,Xicotencatl,80,MX,1554058224.0,59,23.02,-98.88,67.26199999999996,14.31
186,Okakarara,80,NA,1554058351.0,50,-20.59,17.46,76.7534,1.16
187,Peterhead,75,AU,1554058342.0,59,-34.83,138.5,62.27599999999999,3.6
188,Camacha,20,PT,1554057000.0,67,33.08,-16.33,62.86999999999996,4.6
191,Hasaki,20,JP,1554055200.0,100,35.73,140.83,41.26999999999996,2.6
192,La Palma,32,CO,1554058352.0,60,5.36,-74.39,83.5034,1.06
193,Jalu,0,LY,1554058068.0,42,29.03,21.55,63.16339999999998,4.01
194,Honiara,36,SB,1554058353.0,100,-9.43,159.96,71.62339999999996,0.41
195,Bandarbeyla,88,SO,1554058353.0,100,9.49,50.81,79.9034,3.21
196,Wigtown,0,GB,1554057007.0,54,54.87,-4.44,48.272000000000034,2.24
197,Niquero,8,CU,1554058353.0,82,20.04,-77.58,83.14340000000001,4.46
198,Ocean City,90,US,1554058138.0,81,30.44,-86.61,59.26999999999996,6.2
199,Iskateley,76,RU,1554058141.0,81,67.68,53.15,25.72339999999996,7.31
201,Nizhniy Kuranakh,80,RU,1554058354.0,79,58.84,125.49,16.0034,1.06
202,Koppa,0,IN,1554058354.0,92,13.53,75.36,70.63340000000005,1.31
203,Nanortalik,44,GL,1554058076.0,100,60.14,-45.24,27.52339999999996,12.51
204,Dalipey,76,PH,1554058354.0,95,16.8,120.72,66.4034,1.16
205,San Patricio,68,PY,1554058355.0,61,-26.98,-56.83,89.71339999999998,1.56
206,Kiama,32,AU,1554057854.0,74,-34.67,150.86,58.26199999999996,1.31
207,Toora-Khem,0,RU,1554058355.0,71,52.47,96.11,18.883400000000037,1.01
208,Mwinilunga,0,ZM,1554058355.0,54,-11.73,24.43,71.62339999999996,2.31
209,Emerald,0,AU,1554057873.0,63,-23.53,148.16,61.069999999999965,5.1
211,Vanimo,44,PG,1554058062.0,99,-2.67,141.3,83.59340000000003,6.81
212,Qalyub,75,EG,1554058327.0,48,30.18,31.21,62.86999999999996,4.1
214,Bathsheba,40,BB,1554055200.0,62,13.22,-59.52,86.26999999999995,7.2
215,Carutapera,88,BR,1554058191.0,95,-1.2,-46.02,79.99340000000002,2.71
216,Binzhou,76,CN,1554057186.0,32,37.38,117.96,47.26400000000003,2.86
217,Saint George,0,GR,1554054600.0,53,39.45,22.34,53.86999999999996,2.6
218,Zheleznodorozhnyy,0,RU,1554057477.0,46,55.75,38.0,53.86999999999996,5.0
219,Manchester,90,US,1554058308.0,87,43.0,-71.45,61.26799999999999,3.6
220,Torres,24,BR,1554058127.0,92,-29.34,-49.73,74.41339999999998,1.06
221,Hithadhoo,12,MV,1554058357.0,100,-0.6,73.08,84.13340000000005,2.66
222,Murmashi,0,RU,1554055200.0,54,68.82,32.82,28.66999999999996,3.0
223,Buncrana,40,GB,1554057000.0,71,55.14,-7.45,50.26999999999996,3.1
224,Ambanja,24,MG,1554058357.0,95,-13.68,48.45,71.08340000000004,0.96
225,Faanui,64,PF,1554058357.0,100,-16.48,-151.75,83.32339999999996,2.01
226,Dikson,44,RU,1554058357.0,94,73.51,80.55,29.77339999999996,9.86
227,Puerto Ayora,20,EC,1554057986.0,70,-0.74,-90.35,84.46999999999997,5.1
228,Yerbogachen,48,RU,1554058150.0,69,61.28,108.01,27.2534,3.11
229,Provideniya,80,RU,1554058358.0,98,64.42,-173.23,28.24340000000002,3.86
230,Varva,0,UA,1554058358.0,78,50.5,32.72,48.763399999999976,3.46
231,Nome,1,US,1554058351.0,50,30.04,-94.42,54.266000000000005,5.7
232,Porto Novo,40,BR,1554055200.0,54,-23.68,-45.44,80.86999999999996,3.6
233,Cherskiy,0,RU,1554058102.0,35,68.75,161.3,-9.466600000000014,0.96
234,Kasangulu,40,CD,1554055200.0,74,-4.59,15.17,84.46999999999997,1.16
235,Den Helder,20,NL,1554058333.0,81,52.96,4.76,48.272000000000034,8.2
236,Jaumave,90,MX,1554058217.0,66,23.41,-99.38,56.26400000000004,7.7
237,Payo,88,ID,1554058359.0,98,-3.75,103.64,72.07339999999996,2.11
238,Khasan,12,RU,1554058359.0,100,42.43,130.64,24.823399999999957,1.26
239,Vyartsilya,0,RU,1554058360.0,80,62.18,30.69,25.903399999999998,4.81
241,Ko Samui,32,TH,1554058360.0,100,9.54,99.94,82.24340000000002,3.01
242,Praia da Vitoria,40,PT,1554057924.0,72,38.73,-27.07,60.27799999999996,12.31
243,Ketchikan,20,US,1554054960.0,81,55.34,-131.65,44.86999999999996,5.1
245,Ternate,40,PH,1554058179.0,69,14.29,120.72,81.26600000000002,3.6
246,Kruisfontein,56,ZA,1554058360.0,86,-34.0,24.73,60.823399999999964,2.76
247,Burns Lake,20,CA,1554058361.0,79,54.23,-125.76,39.94340000000002,1.26
248,Clyde River,75,CA,1554055200.0,77,70.47,-68.59,5.269999999999957,2.1
249,Souillac,0,FR,1554058258.0,32,45.6,-0.6,68.26999999999995,4.1
250,Colac,36,AU,1554058336.0,91,-38.34,143.59,53.27599999999999,0.91
251,Nouadhibou,0,MR,1554055200.0,60,20.93,-17.03,70.06999999999996,8.2
253,Ponta do Sol,0,BR,1554058361.0,55,-20.63,-46.0,83.14340000000001,2.01
254,Tevaitoa,12,PF,1554058362.0,100,-16.78,-151.5,83.5034,1.21
255,Victoria,75,BN,1554055200.0,78,5.28,115.24,82.66999999999996,1.5
256,Tuatapere,24,NZ,1554058205.0,79,-46.13,167.69,58.26199999999996,5.36
257,Vega de Alatorre,92,MX,1554058362.0,98,20.03,-96.65,70.09340000000003,4.21
258,Francisco Sa,0,BR,1554058113.0,55,-16.48,-43.49,82.6034,3.76
259,Puli,75,TW,1554057960.0,77,23.97,120.97,66.27200000000005,5.7
260,Ostrovnoy,12,RU,1554058294.0,81,68.05,39.51,24.373399999999958,7.06
261,Esik,75,KZ,1554055200.0,87,43.36,77.47,48.469999999999956,1.0
263,Komsomolskiy,88,RU,1554058169.0,90,67.55,63.78,27.163399999999978,8.76
265,Ilulissat,75,GL,1554054600.0,61,69.22,-51.1,17.86999999999996,6.2
266,Nhulunbuy,40,AU,1554055200.0,100,-12.18,136.78,77.26999999999995,2.1
267,Saldanha,92,PT,1554058363.0,36,41.42,-6.55,62.53340000000004,1.96
268,Vostok,80,RU,1554058204.0,82,46.45,135.83,21.31339999999998,0.76
269,Kieta,24,PG,1554058077.0,100,-6.22,155.63,77.2034,1.86
271,Hohhot,0,CN,1554055200.0,35,40.81,111.65,26.86999999999996,2.0
272,Morondava,0,MG,1554058281.0,81,-20.3,44.28,80.80340000000001,3.41
273,Mecca,24,SA,1554058240.0,36,21.43,39.83,71.08340000000004,4.56
274,Nishihara,1,JP,1554058061.0,74,35.74,139.53,49.26199999999996,2.6
275,Scottsbluff,1,US,1554058032.0,67,41.87,-103.67,51.27799999999996,2.6
276,Luderitz,0,NA,1554058364.0,75,-26.65,15.16,65.32339999999996,8.16
277,Kutum,0,SD,1554058364.0,38,14.2,24.66,71.71339999999998,1.76
278,Colesberg,48,ZA,1554058364.0,28,-30.72,25.1,68.92339999999996,2.86
279,Portland,1,US,1554058297.0,54,45.52,-122.67,63.266000000000005,1.5
280,Abhar,92,IR,1554058365.0,98,36.14,49.22,37.06339999999998,1.21
284,Coahuayana,8,MX,1554058365.0,22,18.62,-100.35,82.87339999999996,1.31
285,Chimbote,0,PE,1554058365.0,83,-9.08,-78.59,74.32339999999996,3.61
286,Kajaani,75,FI,1554056400.0,74,64.22,27.73,30.46999999999996,4.1
287,Itaituba,40,BR,1554055200.0,66,-4.26,-55.99,86.26999999999995,1.21
288,Isla Mujeres,75,MX,1554058341.0,58,21.23,-86.73,84.46999999999997,6.2
289,Odda,12,NO,1554058184.0,70,60.07,6.55,38.26400000000003,2.68
290,Andros Town,40,BS,1554057946.0,61,24.73,-77.79,79.26799999999999,3.1
291,Omsukchan,56,RU,1554058367.0,74,62.53,155.8,3.9434000000000182,1.16
292,Arlit,8,NE,1554058367.0,21,18.74,7.39,88.9034,1.51
293,Trat,8,TH,1554058205.0,60,12.25,102.51,87.27799999999996,2.36
294,Jiangyou,68,CN,1554058367.0,87,31.78,104.73,48.58340000000004,0.96
295,Dubbo,0,AU,1554058367.0,86,-32.25,148.6,41.29340000000002,1.31
296,Azanka,0,RU,1554058367.0,76,58.04,64.79,32.29340000000002,4.91
297,Beira,20,ES,1554058316.0,67,43.2,-8.36,65.26400000000004,3.1
299,Puerto del Rosario,40,ES,1554055200.0,64,28.5,-13.86,70.06999999999996,7.7
300,Hualmay,20,PE,1554058368.0,72,-11.1,-77.61,76.12339999999996,2.76
301,Halifax,75,CA,1554058322.0,66,44.65,-63.58,60.27799999999996,7.2
302,Drayton Valley,88,CA,1554058231.0,85,53.22,-114.98,35.44340000000002,1.86
303,Tanout,20,NE,1554058369.0,11,14.97,8.88,91.96339999999998,4.36
304,Sovetskiy,48,RU,1554058369.0,87,56.76,48.47,35.803399999999996,7.46
305,Ibia,12,NG,1554058369.0,78,5.18,6.32,85.21339999999998,2.11
307,Qasigiannguit,75,GL,1554054600.0,61,68.82,-51.19,17.86999999999996,6.2
309,Kedrovyy,44,RU,1554055200.0,100,56.17,91.82,28.66999999999996,1.0
310,Vryburg,100,ZA,1554058370.0,25,-26.96,24.73,83.05340000000001,5.21
312,Micheweni,32,TZ,1554058370.0,100,-4.97,39.83,85.21339999999998,5.36
313,Mirabad,56,IR,1554058370.0,36,28.27,61.33,59.113399999999984,2.11
314,Terre Haute,90,US,1554058352.0,55,39.47,-87.41,41.26999999999996,6.7
315,Tigil,68,RU,1554058370.0,85,57.8,158.67,26.53340000000004,4.46
316,Dhidhdhoo,0,MV,1554058371.0,100,6.88,73.1,85.39340000000001,0.16
317,Skibbereen,75,IE,1554057000.0,81,51.55,-9.27,46.66999999999996,4.6
318,Yangambi,0,CD,1554058371.0,85,0.77,24.47,82.06339999999997,0.51
319,San Cristobal,75,EC,1554057929.0,56,-0.39,-78.55,70.06999999999996,6.2
320,Burewala,0,PK,1554058371.0,43,30.16,72.68,72.52339999999995,1.76
321,Meulaboh,88,ID,1554058305.0,100,4.14,96.13,79.99340000000002,1.21
322,Cururupu,92,BR,1554058371.0,97,-1.82,-44.87,79.0034,0.66
323,Kosh-Agach,0,RU,1554058372.0,80,49.99,88.66,18.163399999999978,1.26
324,Fallon,75,US,1554054960.0,48,46.84,-105.12,43.06999999999996,6.7
325,Cienaga de Oro,75,CO,1554055200.0,50,8.87,-75.62,95.26999999999995,1.96
326,Sendhwa,0,IN,1554058375.0,28,21.69,75.09,77.38340000000005,3.16
327,Huanren,32,CN,1554058375.0,68,41.26,125.37,19.6034,1.31
328,Bourail,64,NC,1554058376.0,92,-21.57,165.5,72.16339999999998,1.16
329,Beringovskiy,80,RU,1554058376.0,93,63.05,179.32,31.663399999999978,5.36
330,Poum,0,MK,1554057000.0,23,41.28,20.71,53.86999999999996,2.6
331,Valparaiso,40,US,1554058257.0,97,41.47,-87.06,38.26400000000003,7.7
332,Yulara,0,AU,1554055200.0,33,-25.24,130.99,59.26999999999996,3.1
333,Atar,0,MR,1554055200.0,33,20.52,-13.05,82.66999999999996,4.1
335,Srandakan,32,ID,1554058377.0,99,-7.94,110.25,72.7034,1.06
336,Apache Junction,1,US,1554058366.0,11,33.41,-111.55,78.27799999999996,1.66
337,Westport,75,IE,1554058328.0,70,53.8,-9.52,47.26400000000003,3.1
338,Vaitape,64,PF,1554058377.0,100,-16.52,-151.75,82.96339999999998,1.66
339,Novyy Svit,0,UA,1554058377.0,60,47.81,38.02,49.39340000000002,3.51
340,Saint-Francois,0,FR,1554057967.0,47,46.42,3.91,59.26999999999996,3.1
342,Montauban,0,FR,1554058325.0,67,44.02,1.35,58.26199999999996,5.1
343,Muriti,20,TZ,1554055200.0,78,-1.99,32.93,75.46999999999997,1.31
344,Grand-Santi,32,GF,1554058378.0,43,4.27,-54.38,94.57339999999996,1.31
345,Paragominas,80,BR,1554058378.0,100,-3.0,-47.35,77.74340000000002,2.86
346,Maniitsoq,76,GL,1554058378.0,93,65.42,-52.9,21.763399999999976,6.11
347,Kaeo,100,NZ,1554057486.0,96,-35.1,173.78,68.26999999999995,7.01
348,Laguna,5,MX,1554054360.0,26,27.52,-110.01,79.06999999999996,3.1
349,Iqaluit,75,CA,1554058322.0,78,63.75,-68.52,10.669999999999959,5.7
350,Fort Saint James,32,CA,1554058379.0,71,54.43,-124.25,41.2034,1.31
351,Najran,0,SA,1554055200.0,22,17.54,44.22,86.26999999999995,5.1
352,Mahanoro,68,MG,1554058379.0,96,-19.9,48.8,76.66339999999998,0.51
353,Kamenka,20,RU,1554058380.0,88,53.19,44.05,35.53340000000004,5.31
354,Ranong,20,TH,1554055200.0,100,9.96,98.62,77.26999999999995,2.16
355,Mayskiy,8,RU,1554055200.0,48,43.63,44.06,44.86999999999996,4.66
357,Cayenne,32,GF,1554055200.0,62,4.94,-52.33,86.26999999999995,6.7
358,Lorengau,88,PG,1554058380.0,100,-2.02,147.27,82.6034,4.51
359,Santa Ana,40,SV,1554057941.0,48,13.99,-89.56,86.26999999999995,4.1
360,Muroto,0,JP,1554058382.0,100,33.37,134.14,43.54340000000002,3.91
363,Sola,0,FI,1554056400.0,76,62.78,29.36,32.26999999999996,2.6
364,Huarmey,12,PE,1554058382.0,58,-10.07,-78.15,79.27339999999995,2.06
365,Palmer,75,AU,1554058273.0,59,-34.85,139.16,62.27599999999999,3.6
366,Hastings,80,NZ,1554058382.0,94,-39.64,176.84,66.04340000000002,8.26
367,Kushiro,12,JP,1554058383.0,71,43.11,144.15,10.603399999999997,1.16
368,Namatanai,64,PG,1554058383.0,100,-3.66,152.44,79.09340000000003,3.91
369,Pangoa,68,PE,1554058383.0,100,-12.12,-73.0,69.82339999999996,0.61
371,Nadym,76,RU,1554058144.0,91,65.53,72.51,30.58340000000004,5.46
372,Coihaique,75,CL,1554055200.0,42,-45.58,-72.07,66.46999999999997,11.3
373,Hami,48,CN,1554058097.0,60,42.84,93.51,44.803399999999996,0.91
375,Sai Buri,24,TH,1554058383.0,94,6.7,101.62,75.04340000000002,1.31
376,Kindersley,90,CA,1554058008.0,47,51.47,-109.16,40.26199999999996,3.1
377,Merauke,76,ID,1554058384.0,100,-8.49,140.4,75.76339999999999,3.86
378,Krasnyy Chikoy,56,RU,1554058384.0,68,50.36,108.75,13.3034,0.96
379,Saint-Pierre,0,FR,1554058353.0,44,48.95,4.24,62.86999999999996,2.6
380,Lira,64,UG,1554058385.0,82,2.25,32.9,70.99340000000002,2.06
382,Dicabisagan,56,PH,1554058218.0,100,17.08,122.42,71.98340000000005,1.16
383,San Carlos de Bariloche,0,AR,1554055200.0,33,-41.13,-71.31,71.86999999999996,7.7
384,Avera,75,US,1554058369.0,67,33.19,-82.53,62.86999999999996,6.2
385,Lompoc,1,US,1554058130.0,52,34.64,-120.46,76.26199999999996,3.91
386,Sinnamary,68,GF,1554058386.0,90,5.38,-52.96,81.97339999999997,4.36
387,Harper,1,US,1554058226.0,37,30.3,-99.24,52.26799999999999,6.2
388,Kapuskasing,20,CA,1554055200.0,35,49.42,-82.43,23.26999999999996,5.7
389,Camalu,0,MX,1554058386.0,28,30.85,-116.07,75.13340000000005,0.76
390,Calabar,12,NG,1554058386.0,74,4.98,8.34,85.03340000000004,2.31
391,Portlethen,20,GB,1554058324.0,67,57.05,-2.13,41.26999999999996,6.2
392,Almenara,12,BR,1554058387.0,63,-16.17,-40.69,83.32339999999996,1.51
393,Ocampo,0,PH,1554058387.0,96,13.56,123.37,74.9534,3.41
394,Wagar,92,US,1554058335.0,76,31.44,-87.99,51.27799999999996,1.34
395,Mujiayingzi,12,CN,1554058387.0,48,42.12,118.78,20.413399999999978,2.71
397,Mumford,20,GH,1554058388.0,71,5.26,-0.76,85.21339999999998,4.06
398,Araouane,56,ML,1554058114.0,21,18.9,-3.53,93.94340000000003,3.46
401,Itoman,75,JP,1554057747.0,59,26.12,127.67,62.86999999999996,5.1
402,Tazovskiy,64,RU,1554058388.0,90,67.47,78.7,31.573399999999957,9.66
403,Tessalit,36,ML,1554058388.0,20,20.2,1.01,91.6034,2.11
404,Berlevag,75,NO,1554054600.0,86,70.86,29.09,30.46999999999996,15.9
405,Praya,40,ID,1554057000.0,100,-8.71,116.27,75.46999999999997,1.16
406,Maxixe,20,MZ,1554055200.0,78,-23.86,35.35,71.86999999999996,3.76
408,Mount Isa,0,AU,1554055200.0,45,-20.73,139.49,62.86999999999996,3.6
409,Grindavik,75,IS,1554057000.0,100,63.84,-22.43,35.86999999999996,8.2
410,Vichy,0,FR,1554058024.0,27,46.12,3.42,64.66999999999996,3.6
411,Rawson,0,AR,1554058210.0,29,-43.3,-65.11,86.74340000000002,4.36
413,Zlitan,68,LY,1554058389.0,52,32.47,14.57,61.09340000000002,2.61
414,San Rafael,0,AR,1554058390.0,52,-34.61,-68.33,78.91339999999998,3.06
415,Dalkola,24,IN,1554058391.0,83,25.88,87.84,69.19340000000003,4.56
416,La Ronge,40,CA,1554055200.0,54,55.1,-105.3,30.46999999999996,5.1
417,Hay River,75,CA,1554055200.0,52,60.82,-115.79,41.26999999999996,5.7
418,Ust-Omchug,0,RU,1554058391.0,55,61.13,149.63,-7.036600000000021,1.21
419,Kalabo,0,ZM,1554058391.0,29,-15.0,22.67,79.0034,2.86
420,Narsaq,20,GL,1554054600.0,45,60.91,-46.05,23.26999999999996,4.6
421,Ugoofaaru,0,MV,1554058392.0,100,5.67,73.0,85.12339999999996,0.36
422,Broken Hill,40,AU,1554055200.0,71,-31.97,141.45,52.069999999999965,2.6
424,Temir,20,KZ,1554058392.0,85,49.14,57.13,33.28340000000004,2.56
425,Saint-Louis,0,CH,1554058380.0,41,47.59,7.56,63.266000000000005,3.6
426,Kunming,48,CN,1554058164.0,87,25.04,102.71,59.26999999999996,4.0
427,Pisco,8,PE,1554055200.0,30,-13.71,-76.2,71.86999999999996,12.3
428,Cockburn Town,0,TC,1554058393.0,100,21.46,-71.14,78.46339999999998,2.76
430,Coari,8,BR,1554058393.0,56,-4.09,-63.14,91.78340000000004,1.76
431,Sorong,32,ID,1554058393.0,100,-0.86,131.25,81.79340000000002,2.76
432,Kloulklubed,90,PW,1554054600.0,88,7.04,134.26,79.06999999999996,4.1
433,Mulege,0,MX,1554058306.0,23,26.88,-111.98,79.99340000000002,4.56
434,Pevek,0,RU,1554058393.0,60,69.7,170.27,-6.676599999999993,2.51
435,Kenai,1,US,1554058324.0,80,60.55,-151.26,42.27799999999996,2.6
436,Klaksvik,92,FO,1554056400.0,87,62.23,-6.59,43.06999999999996,4.1
437,Shingu,0,JP,1554058158.0,100,33.72,135.99,50.2034,7.56
438,Poopo,20,BO,1554055200.0,35,-18.38,-66.97,70.06999999999996,2.6
439,Key Largo,40,US,1554058210.0,51,25.09,-80.45,86.26999999999995,4.6
440,Le Havre,56,FR,1554058081.0,87,49.49,0.11,57.272000000000034,7.2
441,Tondano,40,ID,1554057000.0,100,1.3,124.91,75.46999999999997,0.61
442,Ngunguru,92,NZ,1554057486.0,96,-35.62,174.5,68.26999999999995,11.06
443,Jamsa,0,FI,1554058370.0,69,61.86,25.19,34.26799999999999,5.7
444,Ambajogai,20,IN,1554058395.0,51,18.73,76.39,73.87339999999996,3.31
445,Ryotsu,24,JP,1554058395.0,100,38.08,138.43,43.81339999999998,8.96
446,Itarema,44,BR,1554058395.0,100,-2.92,-39.92,81.52339999999995,3.51
447,Filingue,12,NE,1554058396.0,17,14.35,3.32,97.72339999999996,3.21
448,Babol,90,IR,1554055200.0,93,36.55,52.68,52.069999999999965,2.1
449,Lakes Entrance,48,AU,1554058335.0,81,-37.88,147.99,54.266000000000005,4.16
450,Rio Gallegos,0,AR,1554055200.0,51,-51.62,-69.22,59.26999999999996,1.0
451,Am Timan,0,TD,1554058396.0,33,11.04,20.28,86.2034,1.61
453,Krasnoborsk,80,RU,1554058396.0,88,61.56,45.93,28.153399999999998,1.11
454,Challans,0,FR,1554058326.0,34,46.85,-1.88,66.46999999999997,4.1
455,Kiunga,92,PG,1554058397.0,97,-6.12,141.3,73.96339999999998,0.56
456,Canmore,40,CA,1554058288.0,48,51.09,-115.35,44.27599999999999,6.2
457,Hatillo,5,PR,1554058222.0,69,18.49,-66.83,85.26199999999996,4.1
458,Charters Towers,64,AU,1554058397.0,94,-20.07,146.27,70.27339999999995,4.01
459,Caborca,0,MX,1554057922.0,14,30.58,-111.1,78.27799999999996,3.13
460,Longyearbyen,20,NO,1554054600.0,71,78.22,15.63,5.269999999999957,3.1
461,Hagi,76,JP,1554057205.0,51,34.43,131.51,46.274000000000015,2.24
462,Semnan,92,IR,1554058398.0,44,35.58,53.39,58.03340000000004,2.86
463,Anapskaya,0,RU,1554055200.0,70,44.9,37.38,46.66999999999996,3.0
464,Batemans Bay,0,AU,1554057940.0,88,-35.71,150.18,55.274000000000015,0.45
465,Taoudenni,0,ML,1554058398.0,37,22.68,-3.98,76.93340000000003,4.61
466,Matara,40,PE,1554055200.0,51,-13.74,-72.9,59.26999999999996,1.16
468,Codrington,0,AU,1554058128.0,93,-28.95,153.24,56.26400000000004,2.1
469,Mayor Pablo Lagerenza,0,PY,1554058399.0,41,-19.93,-60.77,99.34340000000002,7.41
470,Jiuquan,0,CN,1554058399.0,67,39.73,98.49,24.5534,1.41
471,Port Augusta,0,AU,1554057952.0,77,-32.49,137.76,62.86999999999996,4.1
472,Sobolevo,92,RU,1554058400.0,61,54.43,31.9,50.473399999999955,8.06
473,Ahuimanu,90,US,1554058345.0,77,21.44,-157.84,75.27200000000005,1.46
474,Turukhansk,56,RU,1554058322.0,95,65.8,87.96,30.31339999999998,6.01
475,Scarborough,44,GB,1554058384.0,70,54.28,-0.41,45.266000000000005,3.1
476,Comodoro Rivadavia,0,AR,1554055200.0,24,-45.87,-67.48,80.86999999999996,6.7
477,Sao Filipe,0,CV,1554058399.0,91,14.9,-24.5,72.52339999999995,7.81
478,Durango,90,US,1554058316.0,92,37.28,-107.88,41.26999999999996,1.5
479,Natchitoches,75,US,1554058008.0,57,31.76,-93.09,52.26799999999999,4.6
480,Port Arthur,40,US,1554058115.0,62,29.9,-93.93,53.86999999999996,3.6
482,Gerash,0,IR,1554055200.0,82,27.67,54.14,61.069999999999965,0.91
483,Santa Cruz,1,US,1554058321.0,55,36.97,-122.03,72.26600000000002,1.41
484,Hailin,68,CN,1554058402.0,74,44.57,129.38,13.123399999999958,1.11
485,Kahului,20,US,1554058248.0,69,20.89,-156.47,75.46999999999997,2.11
486,Adrar,40,DZ,1554055200.0,13,27.87,-0.29,80.86999999999996,10.8
487,Pringsewu,44,ID,1554058130.0,87,-5.36,104.98,74.77339999999995,1.41
488,Jiblah,8,YE,1554058403.0,78,13.92,44.15,56.233400000000046,0.86
489,Ames,1,US,1554058365.0,40,42.03,-93.62,42.27799999999996,3.6
490,Aklavik,90,CA,1554056160.0,74,68.22,-135.01,37.66999999999996,11.8
491,Muisne,75,EC,1554055200.0,88,0.61,-80.02,82.66999999999996,4.1
492,Limoeiro do Ajuru,80,BR,1554058403.0,92,-1.9,-49.38,82.06339999999997,1.76
493,Bara,0,NG,1554058404.0,21,10.41,10.6,90.7034,2.46
494,Isangel,68,VU,1554055200.0,88,-19.55,169.27,73.66999999999996,2.1
497,Kenora,90,CA,1554058322.0,68,49.76,-94.48,30.46999999999996,4.1
499,Fortuna,90,ES,1554058352.0,93,38.18,-1.13,57.469999999999956,1.0
501,Yaan,44,NG,1554058405.0,57,7.38,8.57,90.43340000000003,1.26
502,Cervo,40,BR,1554055200.0,39,-22.19,-46.24,84.46999999999997,4.1
503,Hearst,8,CA,1554058405.0,49,49.69,-83.67,23.2034,2.91
504,Jieshou,0,CN,1554058405.0,69,33.26,115.35,41.473399999999955,1.46
505,Warsaw,0,PL,1554058184.0,61,52.23,21.01,51.27799999999996,4.6
506,Atambua,0,ID,1554058406.0,100,-9.11,124.89,76.7534,1.36
507,Ende,0,ID,1554058406.0,100,-8.84,121.65,80.89340000000001,0.46
508,High Level,75,CA,1554055200.0,64,58.52,-117.13,34.06999999999996,1.5
509,Hwange,0,ZW,1554058406.0,28,-18.35,26.5,77.74340000000002,2.66
510,Lethem,12,GY,1554058406.0,34,3.38,-59.8,99.16339999999998,5.61
511,Soyo,20,AO,1554055200.0,83,-6.13,12.37,82.66999999999996,2.6
512,Noumea,0,NC,1554057000.0,94,-22.28,166.46,68.26999999999995,1.0
513,Port Lincoln,36,AU,1554058407.0,100,-34.72,135.86,57.223399999999955,1.31
514,Yumen,8,CN,1554058120.0,62,40.29,97.04,32.74340000000002,0.76
516,Hovd,75,NO,1554058265.0,90,63.83,10.7,34.26799999999999,11.3
517,Biltine,0,TD,1554058407.0,19,14.53,20.93,84.58340000000004,3.81
518,Makat,0,KZ,1554058407.0,70,47.65,53.35,38.23340000000004,3.46
519,Trindade,75,BR,1554055200.0,40,-16.66,-49.49,88.06999999999996,2.6
520,Yashan,0,CN,1554058408.0,79,30.81,118.02,42.28340000000004,1.11
521,Port Moresby,40,PG,1554055200.0,100,-9.47,147.16,75.46999999999997,3.1
522,Sao Felix do Xingu,68,BR,1554058193.0,72,-6.64,-51.99,86.02339999999995,1.11
523,Petropavlovsk-Kamchatskiy,8,RU,1554055200.0,85,53.05,158.65,16.069999999999958,1.0
524,Agadir,20,MA,1554055200.0,55,30.42,-9.58,66.46999999999997,8.7
525,Vavozh,92,RU,1554058408.0,94,56.77,51.93,37.96339999999998,4.56
526,Keti Bandar,0,PK,1554058409.0,92,24.14,67.45,78.46339999999998,4.36
527,Broome,20,GB,1554058130.0,70,52.47,1.45,47.26400000000003,5.7
528,Port Hueneme,20,US,1554058347.0,19,34.15,-119.2,82.66999999999996,7.7
529,Port-Gentil,20,GA,1554055200.0,88,-0.72,8.78,79.06999999999996,1.0
530,Manokwari,76,ID,1554058148.0,100,-0.87,134.08,81.43340000000003,5.11
531,Riyadh,75,SA,1554055200.0,69,24.63,46.72,73.66999999999996,3.1
532,Beloha,0,MG,1554058409.0,80,-25.17,45.06,69.82339999999996,2.41
533,Jeremie,24,HT,1554058410.0,90,18.65,-74.12,80.98340000000005,2.81
534,Egvekinot,88,RU,1554058334.0,87,66.32,-179.17,23.74340000000002,1.11
535,Okato,100,NZ,1554057677.0,90,-39.19,173.88,69.27799999999996,7.6
536,Buchanan,40,LR,1554055200.0,74,5.88,-10.05,86.26999999999995,1.5
537,Sabang,0,PH,1554058410.0,96,13.72,123.58,74.9534,3.41
538,Cerrito,40,CO,1554055200.0,66,6.84,-72.7,84.46999999999997,3.6
539,Burkburnett,1,US,1554058207.0,34,34.1,-98.57,50.26999999999996,5.7
540,Oistins,40,BB,1554055200.0,62,13.07,-59.53,86.26999999999995,7.2
541,Dong Hoi,48,VN,1554058411.0,97,17.48,106.6,77.56339999999997,3.51
542,Kollam,40,IN,1554055200.0,70,8.88,76.6,88.06999999999996,2.1
543,Lalmohan,20,BD,1554058124.0,67,22.34,90.74,82.69340000000003,3.51
544,Pacific Grove,1,US,1554058216.0,55,36.62,-121.92,71.27599999999998,2.1
545,Shitanjing,0,CN,1554058270.0,1,39.23,106.34,50.26999999999996,1.34
546,Marawi,0,PH,1554057909.0,84,8.0,124.29,69.27799999999996,2.68
548,Tateyama,88,JP,1554058376.0,99,36.66,137.31,43.26799999999999,0.81
549,Cabedelo,75,BR,1554055200.0,94,-6.97,-34.84,80.86999999999996,1.0
550,Chumikan,12,RU,1554058262.0,70,54.72,135.31,9.433400000000038,2.56
552,Ballina,75,IE,1554058328.0,70,54.11,-9.15,47.26400000000003,3.1
553,Pangnirtung,75,CA,1554055200.0,65,66.15,-65.72,8.869999999999958,1.0
554,West Bay,20,GB,1554058411.0,87,50.71,-2.76,53.27599999999999,3.6
555,Stawell,0,AU,1554057908.0,94,-37.06,142.77,39.272000000000034,1.21
556,Bayan,68,MN,1554058413.0,52,47.25,107.54,18.343400000000017,1.81
557,Iaciara,0,BR,1554058413.0,74,-14.1,-46.63,86.6534,2.76
558,Mayo,75,CA,1554055200.0,51,63.59,-135.9,35.86999999999996,1.61
559,Pakxan,20,LA,1554058414.0,86,18.39,103.66,72.07339999999996,1.11
562,Port Blair,0,IN,1554058414.0,100,11.67,92.75,84.4034,2.71
563,Kaniama,48,CD,1554058414.0,85,-7.57,24.18,71.17339999999996,1.01
564,Vilcun,8,CL,1554057928.0,82,-38.65,-72.23,65.26400000000004,2.1
565,Katsuura,20,JP,1554057260.0,65,33.93,134.5,47.26400000000003,7.2
566,Ahome,5,MX,1554058097.0,28,25.92,-109.18,80.86999999999996,4.6
567,Dzialdowo,0,PL,1554055200.0,48,53.24,20.17,41.26999999999996,4.1
568,Fare,12,PF,1554058415.0,100,-16.7,-151.02,83.5034,1.21
569,Victor Harbor,75,AU,1554058399.0,59,-35.55,138.62,61.069999999999965,3.6
570,Puerto Escondido,40,MX,1554054180.0,54,15.86,-97.07,84.46999999999997,5.1
571,Adre,0,TD,1554058416.0,51,13.47,22.2,78.82339999999996,1.31
572,Fort Nelson,40,CA,1554055200.0,56,58.81,-122.69,41.26999999999996,1.46
573,Alofi,44,NU,1554055200.0,100,-19.06,-169.92,75.46999999999997,1.0
574,Beihai,0,CN,1554055200.0,38,38.95,121.19,41.26999999999996,1.0
575,Nador,75,MA,1554055200.0,87,35.17,-2.93,59.26999999999996,1.5
576,Keflavik,75,IS,1554057000.0,99,64.0,-22.56,35.86999999999996,8.2
577,Bulgan,64,MN,1554058417.0,63,48.81,103.53,24.5534,1.51
578,Charagua,75,BO,1554055200.0,55,-19.79,-63.2,88.06999999999996,9.51
579,Los Llanos de Aridane,40,ES,1554058045.0,60,28.66,-17.92,68.26999999999995,2.1
580,Kunyang,92,CN,1554058417.0,100,27.66,120.56,49.39340000000002,4.41
581,Linda,1,US,1554058407.0,51,39.13,-121.55,68.26999999999995,2.6
582,Seoul,1,KR,1554057600.0,74,37.57,126.98,39.469999999999956,0.5
583,Bergama,0,TR,1554058329.0,57,39.12,27.18,52.26799999999999,7.2
584,Saint-Augustin,0,FR,1554058243.0,25,44.83,-0.61,66.46999999999997,2.6
585,Krutinka,76,RU,1554058418.0,87,56.01,71.51,31.93340000000004,6.31
586,Kuryk,8,KZ,1554058419.0,88,43.18,51.68,40.84340000000002,2.86
587,Naryan-Mar,56,RU,1554058419.0,80,67.67,53.09,25.99340000000002,7.36
588,San Antonio,75,CL,1554055200.0,72,-33.58,-71.61,73.66999999999996,5.1
590,San Borja,36,BO,1554058421.0,80,-14.86,-66.75,83.14340000000001,1.21
591,Shelburne,90,CA,1554058396.0,86,44.08,-80.2,36.266000000000005,7.7
592,Conceicao do Araguaia,12,BR,1554058421.0,99,-8.26,-49.26,83.77339999999995,2.66
593,Imbituba,75,BR,1554055200.0,69,-28.24,-48.67,79.06999999999996,3.6
595,Victoria Point,0,AU,1554058380.0,77,-27.58,153.3,63.266000000000005,3.6
596,Langsa,32,ID,1554058422.0,93,4.47,97.97,69.91339999999998,1.16
597,Labuhan,20,ID,1554058311.0,95,-2.54,115.51,72.97339999999997,0.41
598,Hofn,92,IS,1554058422.0,100,64.25,-15.21,41.11339999999998,11.81
599,Lagoa,75,PT,1554058183.0,82,37.14,-8.45,65.26400000000004,3.1
